<?xml version="1.0" encoding="UTF-8"?>
<metadata xml:lang="en"><Esri><CreaDate>20180813</CreaDate><CreaTime>14255500</CreaTime><ArcGISFormat>1.0</ArcGISFormat><SyncOnce>FALSE</SyncOnce><DataProperties><lineage><Process Name="Define Projection (3)" ToolSource="C:\Program Files (x86)\ArcGIS\Desktop10.0\ArcToolbox\Toolboxes\Data Management Tools.tbx\DefineProjection" Date="20120409" Time="131906">DefineProjection \\SPATIALDEV-NAS\Data\Gaul_2009\g2009_2008_2\g2008_2.shp GEOGCS['GCS_WGS_1984',DATUM['D_WGS_1984',SPHEROID['WGS_1984',6378137.0,298.257223563]],PRIMEM['Greenwich',0.0],UNIT['Degree',0.0174532925199433]]</Process><Process ToolSource="C:\Program Files (x86)\ArcGIS\Desktop10.0\ArcToolbox\Toolboxes\Data Management Tools.tbx\CopyFeatures" Date="20120409" Time="134422">CopyFeatures C:\Eric\Gaul_2009\Gaul_2009a\g2009_2008_2\g2008_2.shp C:\Eric\Gaul_2009\Gaul_2009.gdb\g2008_2 # 0 0 0</Process><Process ToolSource="C:\Program Files (x86)\ArcGIS\Desktop10.0\ArcToolbox\Toolboxes\Conversion Tools.tbx\FeatureClassToFeatureClass" Date="20120413" Time="155326">FeatureClassToFeatureClass \\SPATIALDEV-NAS\Data\Gaul_2009\Gaul_2009.gdb\g2008_2_WGS1984 \\SPATIALDEV-NAS\Data\Gaul_2009\Gaul_2009_lvl2.gdb g2008_2_WGS1984 # "AREA "AREA" true true false 8 Double 0 0 ,First,#,\\SPATIALDEV-NAS\Data\Gaul_2009\Gaul_2009.gdb\g2008_2_WGS1984,AREA,-1,-1;PERIMETER "PERIMETER" true true false 8 Double 0 0 ,First,#,\\SPATIALDEV-NAS\Data\Gaul_2009\Gaul_2009.gdb\g2008_2_WGS1984,PERIMETER,-1,-1;G2008_2_ "G2008_2_" true true false 8 Double 0 0 ,First,#,\\SPATIALDEV-NAS\Data\Gaul_2009\Gaul_2009.gdb\g2008_2_WGS1984,G2008_2_,-1,-1;G2008_2_ID "G2008_2_ID" true true false 8 Double 0 0 ,First,#,\\SPATIALDEV-NAS\Data\Gaul_2009\Gaul_2009.gdb\g2008_2_WGS1984,G2008_2_ID,-1,-1;ADM2_CODE "ADM2_CODE" true true false 8 Double 0 0 ,First,#,\\SPATIALDEV-NAS\Data\Gaul_2009\Gaul_2009.gdb\g2008_2_WGS1984,ADM2_CODE,-1,-1;ADM0_CODE "ADM0_CODE" true true false 8 Double 0 0 ,First,#,\\SPATIALDEV-NAS\Data\Gaul_2009\Gaul_2009.gdb\g2008_2_WGS1984,ADM0_CODE,-1,-1;ADM0_NAME "ADM0_NAME" true true false 100 Text 0 0 ,First,#,\\SPATIALDEV-NAS\Data\Gaul_2009\Gaul_2009.gdb\g2008_2_WGS1984,ADM0_NAME,-1,-1;ADM1_NAME "ADM1_NAME" true true false 100 Text 0 0 ,First,#,\\SPATIALDEV-NAS\Data\Gaul_2009\Gaul_2009.gdb\g2008_2_WGS1984,ADM1_NAME,-1,-1;ADM1_CODE "ADM1_CODE" true true false 8 Double 0 0 ,First,#,\\SPATIALDEV-NAS\Data\Gaul_2009\Gaul_2009.gdb\g2008_2_WGS1984,ADM1_CODE,-1,-1;ADM2_NAME "ADM2_NAME" true true false 100 Text 0 0 ,First,#,\\SPATIALDEV-NAS\Data\Gaul_2009\Gaul_2009.gdb\g2008_2_WGS1984,ADM2_NAME,-1,-1;DISP_AREA "DISP_AREA" true true false 24 Text 0 0 ,First,#,\\SPATIALDEV-NAS\Data\Gaul_2009\Gaul_2009.gdb\g2008_2_WGS1984,DISP_AREA,-1,-1;LAST_UPDAT "LAST_UPDAT" true true false 8 Double 0 0 ,First,#,\\SPATIALDEV-NAS\Data\Gaul_2009\Gaul_2009.gdb\g2008_2_WGS1984,LAST_UPDAT,-1,-1;CONTINENT "CONTINENT" true true false 150 Text 0 0 ,First,#,\\SPATIALDEV-NAS\Data\Gaul_2009\Gaul_2009.gdb\g2008_2_WGS1984,CONTINENT,-1,-1;REGION "REGION" true true false 150 Text 0 0 ,First,#,\\SPATIALDEV-NAS\Data\Gaul_2009\Gaul_2009.gdb\g2008_2_WGS1984,REGION,-1,-1;Shape_Length "Shape_Length" false true true 8 Double 0 0 ,First,#,\\SPATIALDEV-NAS\Data\Gaul_2009\Gaul_2009.gdb\g2008_2_WGS1984,Shape_Length,-1,-1;Shape_Area "Shape_Area" false true true 8 Double 0 0 ,First,#,\\SPATIALDEV-NAS\Data\Gaul_2009\Gaul_2009.gdb\g2008_2_WGS1984,Shape_Area,-1,-1" #</Process><Process ToolSource="c:\program files (x86)\arcgis\desktop10.1\ArcToolbox\Toolboxes\Data Management Tools.tbx\CalculateField" Date="20130412" Time="143454">CalculateField UGA_Boundaries gaulid [G2008_2_ID] VB #</Process><Process ToolSource="c:\program files (x86)\arcgis\desktop10.1\ArcToolbox\Toolboxes\Data Management Tools.tbx\Project" Date="20140626" Time="161209">Project "C:\Users\Daniel\Desktop\Map Projects\MEA\UGA_UBOS_Districts\UBOS_Districts.shp" "C:\Users\Daniel\Desktop\Map Projects\MEA\HOA_GS84.gdb\UG_Dist2013_GS84" GEOGCS['GCS_WGS_1984',DATUM['D_WGS_1984',SPHEROID['WGS_1984',6378137.0,298.257223563]],PRIMEM['Greenwich',0.0],UNIT['Degree',0.0174532925199433],METADATA['World',-180.0,-90.0,180.0,90.0,0.0,0.0174532925199433,0.0,1262]] # GEOGCS['GCS_WGS_1984',DATUM['D_WGS_1984',SPHEROID['WGS_1984',6378137.0,298.257223563]],PRIMEM['Greenwich',0.0],UNIT['Degree',0.0174532925199433],METADATA['World',-180.0,-90.0,180.0,90.0,0.0,0.0174532925199433,0.0,1262]]</Process><Process ToolSource="c:\program files (x86)\arcgis\desktop10.1\ArcToolbox\Toolboxes\Conversion Tools.tbx\FeatureClassToFeatureClass" Date="20140626" Time="173006">FeatureClassToFeatureClass "C:\Users\Daniel\Desktop\Map Projects\MEA\HOA_GS84.gdb\UG_Dist2013_GS84" "C:\Users\Daniel\Desktop\Map Projects\MEA\HOA_GS84.gdb\UG" UG_D2013_GS84 # "OBJECTID "OBJECTID" true true false 4 Long 0 0 ,First,#,C:\Users\Daniel\Desktop\Map Projects\MEA\HOA_GS84.gdb\UG_Dist2013_GS84,OBJECTID,-1,-1;AREA "AREA" true true false 8 Double 0 0 ,First,#,C:\Users\Daniel\Desktop\Map Projects\MEA\HOA_GS84.gdb\UG_Dist2013_GS84,AREA,-1,-1;PERIMETER "PERIMETER" true true false 8 Double 0 0 ,First,#,C:\Users\Daniel\Desktop\Map Projects\MEA\HOA_GS84.gdb\UG_Dist2013_GS84,PERIMETER,-1,-1;G2008_2_ "G2008_2_" true true false 8 Double 0 0 ,First,#,C:\Users\Daniel\Desktop\Map Projects\MEA\HOA_GS84.gdb\UG_Dist2013_GS84,G2008_2_,-1,-1;G2008_2_ID "G2008_2_ID" true true false 8 Double 0 0 ,First,#,C:\Users\Daniel\Desktop\Map Projects\MEA\HOA_GS84.gdb\UG_Dist2013_GS84,G2008_2_ID,-1,-1;ADM2_CODE "ADM2_CODE" true true false 8 Double 0 0 ,First,#,C:\Users\Daniel\Desktop\Map Projects\MEA\HOA_GS84.gdb\UG_Dist2013_GS84,ADM2_CODE,-1,-1;ADM0_CODE "ADM0_CODE" true true false 8 Double 0 0 ,First,#,C:\Users\Daniel\Desktop\Map Projects\MEA\HOA_GS84.gdb\UG_Dist2013_GS84,ADM0_CODE,-1,-1;ADM0_NAME "ADM0_NAME" true true false 100 Text 0 0 ,First,#,C:\Users\Daniel\Desktop\Map Projects\MEA\HOA_GS84.gdb\UG_Dist2013_GS84,ADM0_NAME,-1,-1;ADM1_NAME "ADM1_NAME" true true false 100 Text 0 0 ,First,#,C:\Users\Daniel\Desktop\Map Projects\MEA\HOA_GS84.gdb\UG_Dist2013_GS84,ADM1_NAME,-1,-1;ADM1_CODE "ADM1_CODE" true true false 8 Double 0 0 ,First,#,C:\Users\Daniel\Desktop\Map Projects\MEA\HOA_GS84.gdb\UG_Dist2013_GS84,ADM1_CODE,-1,-1;ADM2_NAME "ADM2_NAME" true true false 100 Text 0 0 ,First,#,C:\Users\Daniel\Desktop\Map Projects\MEA\HOA_GS84.gdb\UG_Dist2013_GS84,ADM2_NAME,-1,-1;DISP_AREA "DISP_AREA" true true false 24 Text 0 0 ,First,#,C:\Users\Daniel\Desktop\Map Projects\MEA\HOA_GS84.gdb\UG_Dist2013_GS84,DISP_AREA,-1,-1;LAST_UPDAT "LAST_UPDAT" true true false 8 Double 0 0 ,First,#,C:\Users\Daniel\Desktop\Map Projects\MEA\HOA_GS84.gdb\UG_Dist2013_GS84,LAST_UPDAT,-1,-1;CONTINENT "CONTINENT" true true false 150 Text 0 0 ,First,#,C:\Users\Daniel\Desktop\Map Projects\MEA\HOA_GS84.gdb\UG_Dist2013_GS84,CONTINENT,-1,-1;REGION "REGION" true true false 150 Text 0 0 ,First,#,C:\Users\Daniel\Desktop\Map Projects\MEA\HOA_GS84.gdb\UG_Dist2013_GS84,REGION,-1,-1;Shape_Leng "Shape_Leng" true true false 8 Double 0 0 ,First,#,C:\Users\Daniel\Desktop\Map Projects\MEA\HOA_GS84.gdb\UG_Dist2013_GS84,Shape_Leng,-1,-1;Population "Population" true true false 8 Double 0 0 ,First,#,C:\Users\Daniel\Desktop\Map Projects\MEA\HOA_GS84.gdb\UG_Dist2013_GS84,Population,-1,-1;Shape_Length "Shape_Length" false true true 8 Double 0 0 ,First,#,C:\Users\Daniel\Desktop\Map Projects\MEA\HOA_GS84.gdb\UG_Dist2013_GS84,Shape_Length,-1,-1;Shape_Area "Shape_Area" false true true 8 Double 0 0 ,First,#,C:\Users\Daniel\Desktop\Map Projects\MEA\HOA_GS84.gdb\UG_Dist2013_GS84,Shape_Area,-1,-1" #</Process><Process ToolSource="c:\program files (x86)\arcgis\desktop10.6\ArcToolbox\Toolboxes\Data Management Tools.tbx\Dissolve" Date="20180326" Time="114958">Dissolve Uganda_admin_2014_WGS84 C:\Projects\GPSDD_for_SDG661\Uganda_data\regions.shp Adm_Region # MULTI_PART DISSOLVE_LINES</Process><Process ToolSource="c:\program files (x86)\arcgis\desktop10.6\ArcToolbox\Toolboxes\Data Management Tools.tbx\Project" Date="20180326" Time="115201">Project regions C:\Projects\GPSDD_for_SDG661\Uganda_data\regions_UTM36.shp PROJCS['WGS_1984_UTM_Zone_36N',GEOGCS['GCS_WGS_1984',DATUM['D_WGS_1984',SPHEROID['WGS_1984',6378137.0,298.257223563]],PRIMEM['Greenwich',0.0],UNIT['Degree',0.0174532925199433]],PROJECTION['Transverse_Mercator'],PARAMETER['False_Easting',500000.0],PARAMETER['False_Northing',0.0],PARAMETER['Central_Meridian',33.0],PARAMETER['Scale_Factor',0.9996],PARAMETER['Latitude_Of_Origin',0.0],UNIT['Meter',1.0]] # GEOGCS['GCS_WGS_1984',DATUM['D_WGS_1984',SPHEROID['WGS_1984',6378137.0,298.257223563]],PRIMEM['Greenwich',0.0],UNIT['Degree',0.0174532925199433]] NO_PRESERVE_SHAPE # NO_VERTICAL</Process><Process ToolSource="c:\program files (x86)\arcgis\desktop10.6\ArcToolbox\Toolboxes\Data Management Tools.tbx\Dissolve" Date="20180430" Time="142743">Dissolve regions_UTM36 C:\Projects\GPSDD_for_SDG661\Uganda_data\DataForWeb\country.shp FID;Adm_Region;Area # MULTI_PART DISSOLVE_LINES</Process><Process ToolSource="c:\program files (x86)\arcgis\desktop10.6\ArcToolbox\Toolboxes\Data Management Tools.tbx\Dissolve" Date="20180430" Time="142911">Dissolve country C:\Projects\GPSDD_for_SDG661\Uganda_data\DataForWeb\country_v2.shp Adm_Region # MULTI_PART DISSOLVE_LINES</Process><Process ToolSource="c:\program files (x86)\arcgis\desktop10.6\ArcToolbox\Toolboxes\Data Management Tools.tbx\Project" Date="20180813" Time="142556">Project country_v3 W:\GPSDD_DataForWeb\final_shapes\FullCountry.shp GEOGCS['GCS_WGS_1984',DATUM['D_WGS_1984',SPHEROID['WGS_1984',6378137.0,298.257223563]],PRIMEM['Greenwich',0.0],UNIT['Degree',0.0174532925199433]] # PROJCS['WGS_1984_UTM_Zone_36N',GEOGCS['GCS_WGS_1984',DATUM['D_WGS_1984',SPHEROID['WGS_1984',6378137.0,298.257223563]],PRIMEM['Greenwich',0.0],UNIT['Degree',0.0174532925199433]],PROJECTION['Transverse_Mercator'],PARAMETER['False_Easting',500000.0],PARAMETER['False_Northing',0.0],PARAMETER['Central_Meridian',33.0],PARAMETER['Scale_Factor',0.9996],PARAMETER['Latitude_Of_Origin',0.0],UNIT['Meter',1.0]] NO_PRESERVE_SHAPE # NO_VERTICAL</Process></lineage><itemProps><itemName Sync="TRUE">country_v2</itemName><imsContentType Sync="TRUE">002</imsContentType><itemLocation><linkage Sync="TRUE">file://\\MORA-PC1\C$\Projects\GPSDD_for_SDG661\Uganda_data\DataForWeb\country_v3</linkage><protocol Sync="TRUE">Local Area Network</protocol></itemLocation><itemSize Sync="TRUE">0.000</itemSize></itemProps><coordRef><type Sync="TRUE">Projected</type><geogcsn Sync="TRUE">GCS_WGS_1984</geogcsn><peXml Sync="TRUE">&lt;ProjectedCoordinateSystem xsi:type='typens:ProjectedCoordinateSystem' xmlns:xsi='http://www.w3.org/2001/XMLSchema-instance' xmlns:xs='http://www.w3.org/2001/XMLSchema' xmlns:typens='http://www.esri.com/schemas/ArcGIS/10.6'&gt;&lt;WKT&gt;PROJCS[&amp;quot;WGS_1984_UTM_Zone_36N&amp;quot;,GEOGCS[&amp;quot;GCS_WGS_1984&amp;quot;,DATUM[&amp;quot;D_WGS_1984&amp;quot;,SPHEROID[&amp;quot;WGS_1984&amp;quot;,6378137.0,298.257223563]],PRIMEM[&amp;quot;Greenwich&amp;quot;,0.0],UNIT[&amp;quot;Degree&amp;quot;,0.0174532925199433]],PROJECTION[&amp;quot;Transverse_Mercator&amp;quot;],PARAMETER[&amp;quot;False_Easting&amp;quot;,500000.0],PARAMETER[&amp;quot;False_Northing&amp;quot;,0.0],PARAMETER[&amp;quot;Central_Meridian&amp;quot;,33.0],PARAMETER[&amp;quot;Scale_Factor&amp;quot;,0.9996],PARAMETER[&amp;quot;Latitude_Of_Origin&amp;quot;,0.0],UNIT[&amp;quot;Meter&amp;quot;,1.0],AUTHORITY[&amp;quot;EPSG&amp;quot;,32636]]&lt;/WKT&gt;&lt;XOrigin&gt;-5120900&lt;/XOrigin&gt;&lt;YOrigin&gt;-9998100&lt;/YOrigin&gt;&lt;XYScale&gt;450445547.3910538&lt;/XYScale&gt;&lt;ZOrigin&gt;-100000&lt;/ZOrigin&gt;&lt;ZScale&gt;10000&lt;/ZScale&gt;&lt;MOrigin&gt;-100000&lt;/MOrigin&gt;&lt;MScale&gt;10000&lt;/MScale&gt;&lt;XYTolerance&gt;0.001&lt;/XYTolerance&gt;&lt;ZTolerance&gt;0.001&lt;/ZTolerance&gt;&lt;MTolerance&gt;0.001&lt;/MTolerance&gt;&lt;HighPrecision&gt;true&lt;/HighPrecision&gt;&lt;WKID&gt;32636&lt;/WKID&gt;&lt;LatestWKID&gt;32636&lt;/LatestWKID&gt;&lt;/ProjectedCoordinateSystem&gt;</peXml><csUnits Sync="TRUE">Linear Unit: Meter (1.000000)</csUnits><projcsn Sync="TRUE">WGS_1984_UTM_Zone_36N</projcsn></coordRef><copyHistory><copy source="C:\Projects\GPSDD_for_SDG661\Uganda_data\DataForWeb\Regions\country_v3" dest="\\MORA-PC1\C$\Projects\GPSDD_for_SDG661\Uganda_data\DataForWeb\country_v3" date="20180501" time="15540400"></copy></copyHistory></DataProperties><SyncDate>20180430</SyncDate><SyncTime>14290900</SyncTime><ModDate>20180430</ModDate><ModTime>14290900</ModTime></Esri><dataIdInfo><envirDesc Sync="TRUE"> Version 6.2 (Build 9200) ; Esri ArcGIS 10.6.0.8321</envirDesc><dataLang><languageCode value="eng" country="USA"></languageCode><countryCode value="GBR" Sync="TRUE"></countryCode></dataLang><idCitation><resTitle Sync="TRUE">country_v2</resTitle><presForm><PresFormCd value="005"></PresFormCd></presForm></idCitation><descKeys><thesaName uuidref="723f6998-058e-11dc-8314-0800200c9a66"></thesaName><keyword Sync="TRUE">002</keyword></descKeys><spatRpType><SpatRepTypCd value="001"></SpatRepTypCd></spatRpType></dataIdInfo><mdLang><languageCode value="eng"></languageCode><countryCode value="GBR" Sync="TRUE"></countryCode></mdLang><distInfo><distFormat><formatName Sync="TRUE">Shapefile</formatName></distFormat><distTranOps><transSize Sync="TRUE">0.000</transSize></distTranOps></distInfo><mdHrLv><ScopeCd value="005"></ScopeCd></mdHrLv><mdHrLvName Sync="TRUE">dataset</mdHrLvName><refSysInfo><RefSystem><refSysID><identCode code="0"></identCode><idCodeSpace Sync="TRUE">EPSG</idCodeSpace><idVersion Sync="TRUE">7.1(3.0.1)</idVersion></refSysID></RefSystem></refSysInfo><spdoinfo><ptvctinf><esriterm Name="country_v2"><efeatyp Sync="TRUE">Simple</efeatyp><efeageom code="4" Sync="TRUE"></efeageom><esritopo Sync="TRUE">FALSE</esritopo><efeacnt Sync="TRUE">0</efeacnt><spindex Sync="TRUE">FALSE</spindex><linrefer Sync="TRUE">FALSE</linrefer></esriterm></ptvctinf></spdoinfo><spatRepInfo><VectSpatRep><geometObjs Name="country_v2"><geoObjTyp><GeoObjTypCd value="002" Sync="TRUE"></GeoObjTypCd></geoObjTyp><geoObjCnt Sync="TRUE">0</geoObjCnt></geometObjs><topLvl><TopoLevCd value="001" Sync="TRUE"></TopoLevCd></topLvl></VectSpatRep></spatRepInfo><eainfo><detailed Name="country_v2"><enttyp><enttypl Sync="TRUE">country_v2</enttypl><enttypt Sync="TRUE">Feature Class</enttypt><enttypc Sync="TRUE">0</enttypc></enttyp><attr><attrlabl Sync="TRUE">FID</attrlabl><attalias Sync="TRUE">FID</attalias><attrtype Sync="TRUE">OID</attrtype><attwidth Sync="TRUE">4</attwidth><atprecis Sync="TRUE">0</atprecis><attscale Sync="TRUE">0</attscale><attrdef Sync="TRUE">Internal feature number.</attrdef><attrdefs Sync="TRUE">Esri</attrdefs><attrdomv><udom Sync="TRUE">Sequential unique whole numbers that are automatically generated.</udom></attrdomv></attr><attr><attrlabl Sync="TRUE">Shape</attrlabl><attalias Sync="TRUE">Shape</attalias><attrtype Sync="TRUE">Geometry</attrtype><attwidth Sync="TRUE">0</attwidth><atprecis Sync="TRUE">0</atprecis><attscale Sync="TRUE">0</attscale><attrdef Sync="TRUE">Feature geometry.</attrdef><attrdefs Sync="TRUE">ESRI</attrdefs><attrdomv><udom Sync="TRUE">Coordinates defining the features.</udom></attrdomv></attr><attr><attrlabl Sync="TRUE">Adm_Region</attrlabl><attalias Sync="TRUE">Adm_Region</attalias><attrtype Sync="TRUE">String</attrtype><attwidth Sync="TRUE">50</attwidth><atprecis Sync="TRUE">0</atprecis><attscale Sync="TRUE">0</attscale></attr></detailed></eainfo><mdDateSt Sync="TRUE">20180430</mdDateSt><mdChar><CharSetCd value="004" Sync="TRUE"></CharSetCd></mdChar></metadata>
